playoffs,opponent_playoffs,wins,losses,win_rate
No,No,837,674,0.5539377895433488
No,Yes,553,1181,0.31891580161476357
Yes,No,1345,375,0.7819767441860465
Yes,Yes,1143,851,0.5732196589769308
